"en","vi","ja"
"Tap to fly","Chạm để bay","タップして飛ぶ"
"Best {0}  ·  {1} m","Kỷ lục {0}  ·  {1} m","ベスト {0}  ·  {1} m"
"Paused","Tạm dừng","一時停止"
"Resume","Tiếp tục","再開"
"Restart","Chơi lại","やり直す"
"Home","Trang chủ","ホーム"
"Delivered","Đã giao","配達完了"
"Distance","Quãng đường","距離"
"Letters","Thư","手紙"
"Near misses","Lướt sát","ニアミス"
"Best combo","Combo cao nhất","最高コンボ"
"SCORE","ĐIỂM","スコア"
"Retry","Thử lại","リトライ"
"New best!","Kỷ lục mới!","新記録！"
"Your best yet","Thành tích tốt nhất","自己ベスト更新"
"Best {0}","Kỷ lục {0}","ベスト {0}"
"Tip:","Mẹo:","ヒント："
"Ride the pale wind streams to build a combo.","Lướt theo những dải gió nhạt màu để tăng combo.","淡い風の流れに乗ってコンボをつなごう。"
"Letters are worth 10 × your combo.","Mỗi lá thư đáng 10 × combo của bạn.","手紙は10×コンボのポイント。"
"The combo fades a second after you leave the wind.","Combo tắt sau một giây khi bạn rời luồng gió.","風から出ると1秒でコンボが消える。"
"Skim past a chimney for a near-miss bonus.","Lướt sát ống khói để nhận điểm thưởng.","煙突すれすれを飛ぶとニアミスボーナス。"
"Inside the wind, flaps are gentler. Tap a little more.","Trong gió, mỗi cú vỗ nhẹ hơn. Hãy chạm nhiều hơn chút.","風の中では羽ばたきがゆるやか。少し多めにタップ。"
"Close! +{0}","Suýt nữa! +{0}","ニアミス！+{0}"
"Gióng Town at dusk. Mây, a paper glider, has letters to deliver.","Thị trấn Gióng lúc hoàng hôn. Mây, chiếc tàu lượn giấy, có thư cần giao.","夕暮れのGióngの町。紙飛行機のMâyが手紙を届けに行く。"
"First letter delivered. Someone smiled.","Lá thư đầu tiên đã đến. Có người mỉm cười.","最初の手紙を届けた。誰かが笑顔になった。"
"The old baker got a letter from his son.","Ông lão làm bánh nhận được thư của con trai.","パン屋のおじいさんに、息子から手紙が届いた。"
"Lantern festival tonight; the sky is busy.","Tối nay hội đèn lồng; bầu trời thật nhộn nhịp.","今夜はランタン祭り。空がにぎやかだ。"
"Every letter in town, delivered. Mây rests on the moon's edge.","Mọi lá thư trong thị trấn đã đến tay. Mây nghỉ bên mép trăng.","町じゅうの手紙を届け終えた。Mâyは月のふちでひと休み。"
"Settings","Cài đặt","設定"
"Music","Nhạc","音楽"
"Sound effects","Hiệu ứng âm thanh","効果音"
"Vibration","Rung","振動"
"Reduce motion","Giảm chuyển động","動きを減らす"
"Done","Xong","完了"
